Work ID,State,District,Constituency,Hon'ble MP,Tenure,Category,Work Title,Location,Recommended Amount (₹),Sanctioned Amount (₹),Released Amount (₹),Expenditure (₹),Recommendation Date,Sanction Date,Start Date,Completion Date,Status,Implementing Agency,Contractor Name,Latitude,Longitude,Data Source Portal
MOSPI-2024-MA-0001,Maharashtra,Nashik,Nashik,Hemant Godse,18th Lok Sabha,Education,Construction of Additional Classrooms and Girls Common Room in Govt College at Nashik,"Nashik Sub-Division, Maharashtra",4460000,4080000,3130000,340000,2024-08-15,2024-11-13,,,Sanctioned,Maharashtra Jeevan Pradhikaran,National Rural Infrastructure Corp,,,MoSPI eSAKSHI Official Portal (https://mplads.mospi.gov.in)
MOSPI-2024-MA-0002,Maharashtra,Thane,Thane,Rajan Vichare,18th Lok Sabha,Solar & Renewable Energy,Installation of 25 kWp Grid-Tied Rooftop Solar PV System on Govt Hospital at Thane,"Thane Sub-Division, Maharashtra",1220000,1180000,1170000,990000,2024-09-07,2024-10-01,2024-11-01,,Ongoing,Zilla Parishad Pune (Works Dept),Shiva Shakti Constructions,,,MoSPI eSAKSHI Official Portal (https://mplads.mospi.gov.in)
MOSPI-2024-KA-0003,Karnataka,Bengaluru Urban,Bangalore South,Tejasvi Surya,18th Lok Sabha,Community Infrastructure,Erection of High-Mast Solar LED Tower Lights in Public Market Squares at Bengaluru Urban,"Bengaluru Urban Sub-Division, Karnataka",2720000,2570000,2140000,1880000,2024-06-09,2024-08-27,2024-10-07,,Ongoing,PWD Belagavi Division,Standard Technical Contractors,,,MoSPI eSAKSHI Official Portal (https://mplads.mospi.gov.in)
MOSPI-2023-AS-0004,Assam,Dibrugarh,Dibrugarh,Rameswar Teli,17th Lok Sabha,Drinking Water,Piped Drinking Water Supply Augmentation in Backward Wards at Dibrugarh,"Dibrugarh Sub-Division, Assam",3170000,2820000,2780000,490000,2023-07-15,2023-09-22,,,Sanctioned,DRDA Dibrugarh,Southern Civil Builders Ltd,,,MoSPI eSAKSHI Official Portal (https://mplads.mospi.gov.in)
MOSPI-2024-AS-0005,Assam,Dibrugarh,Dibrugarh,Rameswar Teli,18th Lok Sabha,Sanitation,Installation of Bio-Toilets at Public Bus Stands and Weekly Market Yards at Dibrugarh,"Dibrugarh Sub-Division, Assam",1430000,1240000,0.0,0.0,2024-08-26,,,,Recommended,PWD (Roads) Jorhat,Apex Engineering & Projects,,,MoSPI eSAKSHI Official Portal (https://mplads.mospi.gov.in)
MOSPI-2024-KA-0006,Karnataka,Belagavi,Belgaum,Mangala Angadi,18th Lok Sabha,Drinking Water,Piped Drinking Water Supply Augmentation in Backward Wards at Belagavi,"Belagavi Sub-Division, Karnataka",2720000,2500000,1960000,360000,2024-04-03,2024-05-13,,,Sanctioned,Bruhat Bengaluru Mahanagara Palike (BBMP),Deccan Infrastructure Ltd,,,MoSPI eSAKSHI Official Portal (https://mplads.mospi.gov.in)
MOSPI-2024-MA-0007,Madhya Pradesh,Gwalior,Gwalior,Vivek Narayan Shejwalkar,18th Lok Sabha,Drinking Water,"Construction of Overhead Drinking Water Storage Reservoir (50,000 Ltr) at Gwalior","Gwalior Sub-Division, Madhya Pradesh",1730000,1520000,0.0,0.0,2024-09-09,,,,Recommended,PWD Gwalior Division,Sunrise Civil Works,,,MoSPI eSAKSHI Official Portal (https://mplads.mospi.gov.in)
MOSPI-2023-AS-0008,Assam,Kamrup Metropolitan,Gauhati,Queen Oja,17th Lok Sabha,Sanitation,Deployment of Battery-Operated Door-to-Door Solid Waste Collection E-Vehicles at Kamrup Metropolitan,"Kamrup Metropolitan Sub-Division, Assam",1210000,1180000,1110000,1150000,2023-04-15,2023-05-11,2023-05-21,2024-04-06,Completed,DRDA Dibrugarh,Apex Engineering & Projects,,,MoSPI eSAKSHI Official Portal (https://mplads.mospi.gov.in)
MOSPI-2024-RA-0009,Rajasthan,Jaipur,Jaipur,Ramcharan Bohra,18th Lok Sabha,Drinking Water,"Construction of Overhead Drinking Water Storage Reservoir (50,000 Ltr) at Jaipur","Jaipur Sub-Division, Rajasthan",2780000,2540000,1680000,1290000,2024-11-09,2025-01-25,2025-02-12,,Ongoing,Ajmer Zila Parishad,Standard Technical Contractors,,,MoSPI eSAKSHI Official Portal (https://mplads.mospi.gov.in)
MOSPI-2023-KA-0010,Karnataka,Bengaluru Urban,Bangalore South,Tejasvi Surya,17th Lok Sabha,Healthcare,Provision of Advanced Life Support Mobile Ambulance Unit for Sub-Divisional Hospital at Bengaluru Urban,"Bengaluru Urban Sub-Division, Karnataka",6080000,5350000,3860000,2370000,2023-08-31,2023-11-20,2023-12-12,,Ongoing,Karnataka Rural Infrastructure Development Ltd (KRIDL),Southern Civil Builders Ltd,,,MoSPI eSAKSHI Official Portal (https://mplads.mospi.gov.in)
MOSPI-2024-TA-0011,Tamil Nadu,Coimbatore,Coimbatore,P. R. Natarajan,18th Lok Sabha,Drinking Water,Installation of Deep Borewell with Solar RO Purification Plant at Coimbatore,"Coimbatore Sub-Division, Tamil Nadu",2180000,2080000,1500000,1350000,2024-08-22,2024-11-04,2024-11-24,,Ongoing,TWAD Board Madurai,Pragati Buildcon Services,,,MoSPI eSAKSHI Official Portal (https://mplads.mospi.gov.in)
MOSPI-2024-AS-0012,Assam,Dibrugarh,Dibrugarh,Rameswar Teli,18th Lok Sabha,Education,Modernization of School Library and Computer Learning Centre at Dibrugarh,"Dibrugarh Sub-Division, Assam",700000,640000,0.0,0.0,2024-10-09,,,,Recommended,Guwahati Municipal Corporation,Sri Krishna Infra Projects,,,MoSPI eSAKSHI Official Portal (https://mplads.mospi.gov.in)
MOSPI-2023-AS-0013,Assam,Dibrugarh,Dibrugarh,Rameswar Teli,17th Lok Sabha,Solar & Renewable Energy,Installation of Integrated Solar Street Lighting Network in Un-electrified Hamlets at Dibrugarh,"Dibrugarh Sub-Division, Assam",1080000,1000000,910000,160000,2023-08-20,2023-09-24,,,Sanctioned,Guwahati Municipal Corporation,Himalayan Engineering Associates,,,MoSPI eSAKSHI Official Portal (https://mplads.mospi.gov.in)
MOSPI-2023-MA-0014,Madhya Pradesh,Bhopal,Bhopal,Sadhvi Pragya Singh Thakur,17th Lok Sabha,Sanitation,Construction of Modern Community Sanitary Complex with Running Water Facility at Bhopal,"Bhopal Sub-Division, Madhya Pradesh",1160000,1120000,890000,500000,2023-09-29,2023-11-24,2024-01-06,,Ongoing,Indore Development Authority,National Rural Infrastructure Corp,,,MoSPI eSAKSHI Official Portal (https://mplads.mospi.gov.in)
MOSPI-2023-MA-0015,Maharashtra,Nagpur,Nagpur,Nitin Gadkari,17th Lok Sabha,Drinking Water,Special Comprehensive High-Capacity Regional Drinking Water Transmission Pipeline at Nagpur,"Nagpur Sub-Division, Maharashtra",10500000.0,9800000.0,9800000.0,9750000.0,2023-10-04,,,,Recommended,PWD Division Nagpur,Pragati Buildcon Services,,,MoSPI eSAKSHI Official Portal (https://mplads.mospi.gov.in)
MOSPI-2023-UT-0016,Uttar Pradesh,Kanpur Nagar,Kanpur,Satyadev Pachauri,17th Lok Sabha,Road & Connectivity,Construction of Cement Concrete Link Road with Covered Storm-water Drainage at Kanpur Nagar,"Kanpur Nagar Sub-Division, Uttar Pradesh",6100000,5850000,0.0,0.0,2023-11-06,,,,Recommended,Prayagraj Zila Panchayat,Shiva Shakti Constructions,,,MoSPI eSAKSHI Official Portal (https://mplads.mospi.gov.in)
MOSPI-2023-MA-0017,Maharashtra,Nashik,Nashik,Hemant Godse,17th Lok Sabha,Sports Facility,Development of Public Sports Ground with Running Track and Floodlighting at Nashik,"Nashik Sub-Division, Maharashtra",860000,850000,630000,850000,2023-07-18,2023-10-05,2023-11-04,2024-06-22,Completed,Zilla Parishad Pune (Works Dept),Shiva Shakti Constructions,,,MoSPI eSAKSHI Official Portal (https://mplads.mospi.gov.in)
MOSPI-2023-KA-0018,Karnataka,Belagavi,Belgaum,Mangala Angadi,17th Lok Sabha,Drinking Water,Provision of Community Water ATMs at Public Transit Hubs at Belagavi,"Belagavi Sub-Division, Karnataka",3530000,3110000,2190000,2880000,2023-11-27,2023-12-14,2024-01-12,2024-06-12,Completed,Bruhat Bengaluru Mahanagara Palike (BBMP),Pragati Buildcon Services,,,MoSPI eSAKSHI Official Portal (https://mplads.mospi.gov.in)
MOSPI-2023-WE-0019,West Bengal,North 24 Parganas,Barasat,Kakoli Ghosh Dastidar,17th Lok Sabha,Sports Facility,Installation of Open Air Gymnasium Equipment in Municipal Public Park at North 24 Parganas,"North 24 Parganas Sub-Division, West Bengal",2730000,2510000,0.0,0.0,2023-08-01,,,,Recommended,Kolkata Municipal Corporation,National Rural Infrastructure Corp,,,MoSPI eSAKSHI Official Portal (https://mplads.mospi.gov.in)
MOSPI-2023-MA-0020,Madhya Pradesh,Indore,Indore,Shankar Lalwani,17th Lok Sabha,Drinking Water,Provision of Community Water ATMs at Public Transit Hubs at Indore,"Indore Sub-Division, Madhya Pradesh",3280000,3150000,0.0,0.0,2023-08-04,,,,Recommended,Indore Development Authority,Sri Krishna Infra Projects,,,MoSPI eSAKSHI Official Portal (https://mplads.mospi.gov.in)
MOSPI-2025-WE-0021,West Bengal,Howrah,Howrah,Prasun Banerjee,18th Lok Sabha,Education,Construction of Additional Classrooms and Girls Common Room in Govt College at Howrah,"Howrah Sub-Division, West Bengal",3030000,2980000,1940000,1410000,2025-01-31,2025-03-25,2025-04-05,,Ongoing,Kolkata Municipal Corporation,Sunrise Civil Works,,,MoSPI eSAKSHI Official Portal (https://mplads.mospi.gov.in)
MOSPI-2024-RA-0022,Rajasthan,Udaipur,Udaipur,Arjun Lal Meena,18th Lok Sabha,Healthcare,Provision of Advanced Life Support Mobile Ambulance Unit for Sub-Divisional Hospital at Udaipur,"Udaipur Sub-Division, Rajasthan",4480000,4080000,0.0,0.0,2024-10-20,,,,Recommended,Public Health Engineering Dept (PHED) Jodhpur,Sri Krishna Infra Projects,,,MoSPI eSAKSHI Official Portal (https://mplads.mospi.gov.in)
MOSPI-2023-TA-0023,Tamil Nadu,Coimbatore,Coimbatore,P. R. Natarajan,17th Lok Sabha,Solar & Renewable Energy,Installation of 25 kWp Grid-Tied Rooftop Solar PV System on Govt Hospital at Coimbatore,"Coimbatore Sub-Division, Tamil Nadu",1370000,1310000,1280000,20000,2023-10-01,2023-12-25,,,Sanctioned,Salem Rural Development Agency,National Rural Infrastructure Corp,,,MoSPI eSAKSHI Official Portal (https://mplads.mospi.gov.in)
MOSPI-2024-WE-0024,West Bengal,Darjeeling,Darjeeling,Raju Bista,18th Lok Sabha,Drinking Water,Piped Drinking Water Supply Augmentation in Backward Wards at Darjeeling,"Darjeeling Sub-Division, West Bengal",2250000,1960000,1710000,2020000,2024-05-13,2024-07-13,2024-08-06,2025-03-25,Completed,Kolkata Municipal Corporation,Vanguard Projects India,,,MoSPI eSAKSHI Official Portal (https://mplads.mospi.gov.in)
MOSPI-2024-AS-0025,Assam,Dibrugarh,Dibrugarh,Rameswar Teli,18th Lok Sabha,Sanitation,Construction of Modern Community Sanitary Complex with Running Water Facility at Dibrugarh,"Dibrugarh Sub-Division, Assam",770000,730000,580000,750000,2024-09-17,2024-11-23,2024-12-05,2025-06-01,Completed,PWD (Roads) Jorhat,Shiva Shakti Constructions,,,MoSPI eSAKSHI Official Portal (https://mplads.mospi.gov.in)
MOSPI-2025-MA-0026,Maharashtra,Pune,Pune,Murlidhar Mohol,18th Lok Sabha,Road & Connectivity,Construction of Box Culvert Bridge over Drainage Channel connecting Rural Hamlets at Pune,"Pune Sub-Division, Maharashtra",6300000,5510000,4140000,670000,2025-02-06,2025-03-13,,,Sanctioned,Maharashtra Jeevan Pradhikaran,Southern Civil Builders Ltd,,,MoSPI eSAKSHI Official Portal (https://mplads.mospi.gov.in)
MOSPI-2024-MA-0027,Maharashtra,Nagpur,Nagpur,Nitin Gadkari,18th Lok Sabha,Community Infrastructure,Development of Rural Haat and Market Shed with Raised Concrete Platform at Nagpur,"Nagpur Sub-Division, Maharashtra",2330000,2100000,1820000,1970000,2024-01-25,2024-03-17,2024-04-30,2024-12-22,Completed,Thane Zilla Parishad,,,,MoSPI eSAKSHI Official Portal (https://mplads.mospi.gov.in)
MOSPI-2024-TA-0028,Tamil Nadu,Salem,Salem,S. R. Parthiban,18th Lok Sabha,Sports Facility,Installation of Open Air Gymnasium Equipment in Municipal Public Park at Salem,"Salem Sub-Division, Tamil Nadu",3610000,3180000,3150000,110000,2024-09-10,2024-09-28,,,Sanctioned,Coimbatore City Municipal Corporation,Southern Civil Builders Ltd,,,MoSPI eSAKSHI Official Portal (https://mplads.mospi.gov.in)
MOSPI-2024-TA-0029,Tamil Nadu,Coimbatore,Coimbatore,P. R. Natarajan,18th Lok Sabha,Community Infrastructure,Development of Rural Haat and Market Shed with Raised Concrete Platform at Coimbatore,"Coimbatore Sub-Division, Tamil Nadu",1750000,1710000,1440000,1600000,2024-02-29,2024-05-16,2024-06-01,2024-10-06,Completed,DRDA Chennai,Pragati Buildcon Services,,,MoSPI eSAKSHI Official Portal (https://mplads.mospi.gov.in)
MOSPI-2023-AS-0030,Assam,Jorhat,Jorhat,Topon Kumar Gogoi,17th Lok Sabha,Road & Connectivity,Construction of Box Culvert Bridge over Drainage Channel connecting Rural Hamlets at Jorhat,"Jorhat Sub-Division, Assam",6710000,6280000,5240000,5830000,2023-06-29,2023-09-15,2023-10-14,2024-05-26,Completed,Guwahati Municipal Corporation,Himalayan Engineering Associates,,,MoSPI eSAKSHI Official Portal (https://mplads.mospi.gov.in)
MOSPI-2024-WE-0031,West Bengal,Darjeeling,Darjeeling,Raju Bista,18th Lok Sabha,Sports Facility,Installation of Open Air Gymnasium Equipment in Municipal Public Park at Darjeeling,"Darjeeling Sub-Division, West Bengal",1210000,1080000,0.0,0.0,2024-03-22,,,,Recommended,PWD North 24 Parganas,Standard Technical Contractors,,,MoSPI eSAKSHI Official Portal (https://mplads.mospi.gov.in)
MOSPI-2024-MA-0032,Madhya Pradesh,Bhopal,Bhopal,Sadhvi Pragya Singh Thakur,18th Lok Sabha,Solar & Renewable Energy,Installation of Integrated Solar Street Lighting Network in Un-electrified Hamlets at Bhopal,"Bhopal Sub-Division, Madhya Pradesh",1770000,1690000,1090000,940000,2024-06-29,2024-08-16,2024-09-04,,Ongoing,Bhopal Municipal Corporation,Shiva Shakti Constructions,,,MoSPI eSAKSHI Official Portal (https://mplads.mospi.gov.in)
MOSPI-2025-MA-0033,Maharashtra,Nashik,Nashik,Hemant Godse,18th Lok Sabha,Solar & Renewable Energy,Installation of 25 kWp Grid-Tied Rooftop Solar PV System on Govt Hospital at Nashik,"Nashik Sub-Division, Maharashtra",1750000,1620000,1190000,700000,2025-02-24,2025-05-13,2025-06-26,,Ongoing,Nashik Municipal Corporation,Sri Krishna Infra Projects,,,MoSPI eSAKSHI Official Portal (https://mplads.mospi.gov.in)
MOSPI-2024-MA-0034,Madhya Pradesh,Gwalior,Gwalior,Vivek Narayan Shejwalkar,18th Lok Sabha,Drinking Water,"Construction of Overhead Drinking Water Storage Reservoir (50,000 Ltr) at Gwalior","Gwalior Sub-Division, Madhya Pradesh",2300000,2220000,0.0,0.0,2024-12-17,,,,Recommended,Bhopal Municipal Corporation,Deccan Infrastructure Ltd,,,MoSPI eSAKSHI Official Portal (https://mplads.mospi.gov.in)
MOSPI-2024-WE-0035,West Bengal,Kolkata,Kolkata South,Mala Roy,18th Lok Sabha,Road & Connectivity,Construction of Cement Concrete Link Road with Covered Storm-water Drainage at Kolkata,"Kolkata Sub-Division, West Bengal",6980000,6120000,4470000,6210000,2024-09-09,2024-10-29,2024-12-01,2025-04-10,Completed,Kolkata Municipal Corporation,Southern Civil Builders Ltd,,,MoSPI eSAKSHI Official Portal (https://mplads.mospi.gov.in)
MOSPI-2024-UT-0036,Uttar Pradesh,Kanpur Nagar,Kanpur,Satyadev Pachauri,18th Lok Sabha,Solar & Renewable Energy,Installation of Integrated Solar Street Lighting Network in Un-electrified Hamlets at Kanpur Nagar,"Kanpur Nagar Sub-Division, Uttar Pradesh",2140000,2090000,1510000,130000,2024-09-16,2024-12-15,,,Sanctioned,PWD Provincial Division Varanasi,Sunrise Civil Works,,,MoSPI eSAKSHI Official Portal (https://mplads.mospi.gov.in)
MOSPI-2024-TA-0037,Tamil Nadu,Madurai,Madurai,Su. Venkatesan,18th Lok Sabha,Road & Connectivity,Paver Block Pavement and Footpath Construction in Residential Settlement at Madurai,"Madurai Sub-Division, Tamil Nadu",6420000,6110000,4520000,430000,2024-08-13,2024-10-08,,,Sanctioned,Salem Rural Development Agency,Sri Krishna Infra Projects,,,MoSPI eSAKSHI Official Portal (https://mplads.mospi.gov.in)
MOSPI-2024-AS-0038,Assam,Kamrup Metropolitan,Gauhati,Queen Oja,18th Lok Sabha,Solar & Renewable Energy,Installation of 25 kWp Grid-Tied Rooftop Solar PV System on Govt Hospital at Kamrup Metropolitan,"Kamrup Metropolitan Sub-Division, Assam",1420000,1280000,870000,590000,2024-05-14,2024-07-06,2024-07-29,,Ongoing,Guwahati Municipal Corporation,,,,MoSPI eSAKSHI Official Portal (https://mplads.mospi.gov.in)
MOSPI-2023-KA-0039,Karnataka,Dakshina Kannada,Dakshina Kannada,Nalin Kumar Kateel,17th Lok Sabha,Education,Supply of Dual Desks and Laboratory Equipment to Rural High Schools at Dakshina Kannada,"Dakshina Kannada Sub-Division, Karnataka",2700000,2460000,1830000,2560000,2023-09-26,2023-11-12,2023-12-25,2024-12-15,Completed,DRDA Dharwad,Vanguard Projects India,,,MoSPI eSAKSHI Official Portal (https://mplads.mospi.gov.in)
MOSPI-2024-MA-0040,Maharashtra,Kolhapur,Kolhapur,Sanjay Mandlik,18th Lok Sabha,Drinking Water,Provision of Community Water ATMs at Public Transit Hubs at Kolhapur,"Kolhapur Sub-Division, Maharashtra",1380000,1300000,1220000,1280000,2024-01-03,2024-03-20,2024-04-07,2024-12-19,Completed,PWD Division Nagpur,,,,MoSPI eSAKSHI Official Portal (https://mplads.mospi.gov.in)
MOSPI-2023-RA-0041,Rajasthan,Jodhpur,Jodhpur,Gajendra Singh Shekhawat,17th Lok Sabha,Healthcare,Provision of Advanced Life Support Mobile Ambulance Unit for Sub-Divisional Hospital at Jodhpur,"Jodhpur Sub-Division, Rajasthan",2130000,1900000,1640000,1930000,2023-05-06,2023-06-25,2023-07-24,2024-01-21,Completed,Ajmer Zila Parishad,Shiva Shakti Constructions,,,MoSPI eSAKSHI Official Portal (https://mplads.mospi.gov.in)
MOSPI-2024-AS-0042,Assam,Kamrup Metropolitan,Gauhati,Queen Oja,18th Lok Sabha,Drinking Water,Piped Drinking Water Supply Augmentation in Backward Wards at Kamrup Metropolitan,"Kamrup Metropolitan Sub-Division, Assam",2730000,2500000.0,2180000,3150000.0,2024-02-02,2024-03-16,,,Completed,Guwahati Municipal Corporation,Vanguard Projects India,,,MoSPI eSAKSHI Official Portal (https://mplads.mospi.gov.in)
MOSPI-2023-MA-0043,Madhya Pradesh,Bhopal,Bhopal,Sadhvi Pragya Singh Thakur,17th Lok Sabha,Healthcare,Construction of New Primary Health Sub-Centre Building with Staff Quarters at Bhopal,"Bhopal Sub-Division, Madhya Pradesh",3730000,3700000,0.0,0.0,2023-12-20,,,,Recommended,Indore Development Authority,Southern Civil Builders Ltd,,,MoSPI eSAKSHI Official Portal (https://mplads.mospi.gov.in)
MOSPI-2024-MA-0044,Madhya Pradesh,Gwalior,Gwalior,Vivek Narayan Shejwalkar,18th Lok Sabha,Road & Connectivity,Bituminous Surface Renewal of Village Approach Road to National Highway at Gwalior,"Gwalior Sub-Division, Madhya Pradesh",3510000,3190000,2550000,1240000,2024-06-06,2024-08-14,2024-09-22,,Ongoing,Indore Development Authority,,,,MoSPI eSAKSHI Official Portal (https://mplads.mospi.gov.in)
MOSPI-2025-RA-0045,Rajasthan,Kota,Kota,Om Birla,18th Lok Sabha,Solar & Renewable Energy,Installation of Integrated Solar Street Lighting Network in Un-electrified Hamlets at Kota,"Kota Sub-Division, Rajasthan",2810000,2720000,1840000,2620000,2025-02-24,2025-03-31,2025-04-17,2025-10-12,Completed,DRDA Udaipur,Sunrise Civil Works,,,MoSPI eSAKSHI Official Portal (https://mplads.mospi.gov.in)
MOSPI-2024-TA-0046,Tamil Nadu,Salem,Salem,S. R. Parthiban,18th Lok Sabha,Sanitation,Deployment of Battery-Operated Door-to-Door Solid Waste Collection E-Vehicles at Salem,"Salem Sub-Division, Tamil Nadu",2070000,1950000,1540000,1370000,2024-03-28,2024-06-13,2024-07-01,,Ongoing,PWD Buildings Division Chennai,Pragati Buildcon Services,,,MoSPI eSAKSHI Official Portal (https://mplads.mospi.gov.in)
MOSPI-2024-AS-0047,Assam,Jorhat,Jorhat,Topon Kumar Gogoi,18th Lok Sabha,Drinking Water,"Construction of Overhead Drinking Water Storage Reservoir (50,000 Ltr) at Jorhat","Jorhat Sub-Division, Assam",3190000,2790000,1760000,1040000,2024-09-20,2024-12-11,2024-12-27,,Ongoing,DRDA Dibrugarh,Sri Krishna Infra Projects,,,MoSPI eSAKSHI Official Portal (https://mplads.mospi.gov.in)
MOSPI-2023-MA-0048,Maharashtra,Kolhapur,Kolhapur,Sanjay Mandlik,17th Lok Sabha,Education,Modernization of School Library and Computer Learning Centre at Kolhapur,"Kolhapur Sub-Division, Maharashtra",4140000,3700000,3640000,350000,2023-04-23,2023-05-27,,,Sanctioned,Thane Zilla Parishad,Shiva Shakti Constructions,,,MoSPI eSAKSHI Official Portal (https://mplads.mospi.gov.in)
MOSPI-2023-TA-0049,Tamil Nadu,Chennai,Chennai South,Thamizhachi Thangapandian,17th Lok Sabha,Education,Construction of Additional Classrooms and Girls Common Room in Govt College at Chennai,"Chennai Sub-Division, Tamil Nadu",2740000,2640000,0.0,0.0,2023-06-12,,,,Recommended,Coimbatore City Municipal Corporation,Pragati Buildcon Services,,,MoSPI eSAKSHI Official Portal (https://mplads.mospi.gov.in)
MOSPI-2024-UT-0050,Uttar Pradesh,Kanpur Nagar,Kanpur,Satyadev Pachauri,18th Lok Sabha,Road & Connectivity,Construction of Box Culvert Bridge over Drainage Channel connecting Rural Hamlets at Kanpur Nagar,"Kanpur Nagar Sub-Division, Uttar Pradesh",6980000,6520000,4540000,6400000,2024-02-15,2024-04-23,2024-05-05,2025-04-10,Completed,DRDA Gorakhpur,Southern Civil Builders Ltd,,,MoSPI eSAKSHI Official Portal (https://mplads.mospi.gov.in)
MOSPI-2023-AS-0051,Assam,Dibrugarh,Dibrugarh,Rameswar Teli,17th Lok Sabha,Solar & Renewable Energy,Installation of Integrated Solar Street Lighting Network in Un-electrified Hamlets at Dibrugarh,"Dibrugarh Sub-Division, Assam",1910000,1850000,1650000,150000,2023-08-22,2023-10-13,,,Sanctioned,PWD (Roads) Jorhat,Sunrise Civil Works,,,MoSPI eSAKSHI Official Portal (https://mplads.mospi.gov.in)
MOSPI-2024-TA-0052,Tamil Nadu,Coimbatore,Coimbatore,P. R. Natarajan,18th Lok Sabha,Healthcare,Construction of New Primary Health Sub-Centre Building with Staff Quarters at Coimbatore,"Coimbatore Sub-Division, Tamil Nadu",4690000,4180000,3490000,120000,2024-05-20,2024-06-18,,,Sanctioned,Salem Rural Development Agency,Sri Krishna Infra Projects,,,MoSPI eSAKSHI Official Portal (https://mplads.mospi.gov.in)
MOSPI-2023-RA-0053,Rajasthan,Jodhpur,Jodhpur,Gajendra Singh Shekhawat,17th Lok Sabha,Sanitation,Construction of Modern Community Sanitary Complex with Running Water Facility at Jodhpur,"Jodhpur Sub-Division, Rajasthan",1710000,1500000,950000,1550000,2023-05-08,2023-06-19,2023-08-03,2023-12-30,Completed,PWD Road Division Jaipur,Himalayan Engineering Associates,,,MoSPI eSAKSHI Official Portal (https://mplads.mospi.gov.in)
MOSPI-2023-TA-0054,Tamil Nadu,Coimbatore,Coimbatore,P. R. Natarajan,17th Lok Sabha,Drinking Water,Piped Drinking Water Supply Augmentation in Backward Wards at Coimbatore,"Coimbatore Sub-Division, Tamil Nadu",2850000,2490000,1540000,2340000,2023-06-07,2023-07-27,2023-08-19,2023-11-20,Completed,Coimbatore City Municipal Corporation,National Rural Infrastructure Corp,,,MoSPI eSAKSHI Official Portal (https://mplads.mospi.gov.in)
MOSPI-2023-MA-0055,Maharashtra,Kolhapur,Kolhapur,Sanjay Mandlik,17th Lok Sabha,Road & Connectivity,Paver Block Pavement and Footpath Construction in Residential Settlement at Kolhapur,"Kolhapur Sub-Division, Maharashtra",7830000,7240000,5010000,3280000,2023-12-05,2023-12-24,2024-01-03,,Ongoing,PWD Division Nagpur,Standard Technical Contractors,,,MoSPI eSAKSHI Official Portal (https://mplads.mospi.gov.in)
MOSPI-2025-UT-0056,Uttar Pradesh,Varanasi,Varanasi,Narendra Modi,18th Lok Sabha,Healthcare,Provision of Advanced Life Support Mobile Ambulance Unit for Sub-Divisional Hospital at Varanasi,"Varanasi Sub-Division, Uttar Pradesh",4080000,3880000,0.0,0.0,2025-01-31,,,,Recommended,PWD Provincial Division Varanasi,,,,MoSPI eSAKSHI Official Portal (https://mplads.mospi.gov.in)
MOSPI-2023-UT-0057,Uttar Pradesh,Prayagraj,Allahabad,Rita Bahuguna Joshi,17th Lok Sabha,Road & Connectivity,Paver Block Pavement and Footpath Construction in Residential Settlement at Prayagraj,"Prayagraj Sub-Division, Uttar Pradesh",7760000,7590000,6980000,7430000,2023-07-28,2023-08-29,2023-09-08,2024-06-18,Completed,Prayagraj Zila Panchayat,Vanguard Projects India,,,MoSPI eSAKSHI Official Portal (https://mplads.mospi.gov.in)
MOSPI-2024-WE-0058,West Bengal,Darjeeling,Darjeeling,Raju Bista,18th Lok Sabha,Drinking Water,"Construction of Overhead Drinking Water Storage Reservoir (50,000 Ltr) at Darjeeling","Darjeeling Sub-Division, West Bengal",1360000,1290000,900000,650000,2024-11-11,2025-02-06,2025-02-27,,Ongoing,Kolkata Municipal Corporation,Pragati Buildcon Services,,,MoSPI eSAKSHI Official Portal (https://mplads.mospi.gov.in)
MOSPI-2024-UT-0059,Uttar Pradesh,Gorakhpur,Gorakhpur,Ravi Kishan,18th Lok Sabha,Education,Construction of Additional Classrooms and Girls Common Room in Govt College at Gorakhpur,"Gorakhpur Sub-Division, Uttar Pradesh",3520000,3160000,2100000,390000,2024-08-02,2024-08-31,,,Sanctioned,Prayagraj Zila Panchayat,Shiva Shakti Constructions,,,MoSPI eSAKSHI Official Portal (https://mplads.mospi.gov.in)
MOSPI-2023-MA-0060,Madhya Pradesh,Indore,Indore,Shankar Lalwani,17th Lok Sabha,Solar & Renewable Energy,Installation of 25 kWp Grid-Tied Rooftop Solar PV System on Govt Hospital at Indore,"Indore Sub-Division, Madhya Pradesh",3040000,2880000,2450000,1770000,2023-07-08,2023-08-21,2023-09-20,,Ongoing,Bhopal Municipal Corporation,National Rural Infrastructure Corp,,,MoSPI eSAKSHI Official Portal (https://mplads.mospi.gov.in)
MOSPI-2023-AS-0061,Assam,Jorhat,Jorhat,Topon Kumar Gogoi,17th Lok Sabha,Sanitation,Deployment of Battery-Operated Door-to-Door Solid Waste Collection E-Vehicles at Jorhat,"Jorhat Sub-Division, Assam",1470000,1340000,1060000,900000,2023-07-14,2023-10-07,2023-10-18,,Ongoing,DRDA Dibrugarh,Sunrise Civil Works,,,MoSPI eSAKSHI Official Portal (https://mplads.mospi.gov.in)
MOSPI-2024-RA-0062,Rajasthan,Kota,Kota,Om Birla,18th Lok Sabha,Education,Construction of Additional Classrooms and Girls Common Room in Govt College at Kota,"Kota Sub-Division, Rajasthan",2220000,2040000,1750000,900000,2024-10-14,2024-12-06,2025-01-19,,Ongoing,Public Health Engineering Dept (PHED) Jodhpur,Deccan Infrastructure Ltd,,,MoSPI eSAKSHI Official Portal (https://mplads.mospi.gov.in)
MOSPI-2023-RA-0063,Rajasthan,Jodhpur,Jodhpur,Gajendra Singh Shekhawat,17th Lok Sabha,Sanitation,Construction of Modern Community Sanitary Complex with Running Water Facility at Jodhpur,"Jodhpur Sub-Division, Rajasthan",2180000,1940000,1400000,1080000,2023-08-07,2023-10-17,2023-11-20,,Ongoing,Ajmer Zila Parishad,,,,MoSPI eSAKSHI Official Portal (https://mplads.mospi.gov.in)
MOSPI-2024-TA-0064,Tamil Nadu,Salem,Salem,S. R. Parthiban,18th Lok Sabha,Community Infrastructure,Development of Rural Haat and Market Shed with Raised Concrete Platform at Salem,"Salem Sub-Division, Tamil Nadu",4460000,4310000,3780000,670000,2024-09-05,2024-10-26,,,Sanctioned,Salem Rural Development Agency,Pragati Buildcon Services,,,MoSPI eSAKSHI Official Portal (https://mplads.mospi.gov.in)
MOSPI-2023-WE-0065,West Bengal,North 24 Parganas,Barasat,Kakoli Ghosh Dastidar,17th Lok Sabha,Drinking Water,Provision of Community Water ATMs at Public Transit Hubs at North 24 Parganas,"North 24 Parganas Sub-Division, West Bengal",2240000,2120000,2030000,1770000,2023-12-06,2024-03-01,2024-04-04,,Ongoing,Howrah Zilla Parishad,Southern Civil Builders Ltd,,,MoSPI eSAKSHI Official Portal (https://mplads.mospi.gov.in)
MOSPI-2024-RA-0066,Rajasthan,Jodhpur,Jodhpur,Gajendra Singh Shekhawat,18th Lok Sabha,Solar & Renewable Energy,Installation of 25 kWp Grid-Tied Rooftop Solar PV System on Govt Hospital at Jodhpur,"Jodhpur Sub-Division, Rajasthan",2010000,1790000,1390000,1730000,2024-10-10,2024-11-04,2024-11-20,2025-04-18,Completed,Public Health Engineering Dept (PHED) Jodhpur,Vanguard Projects India,,,MoSPI eSAKSHI Official Portal (https://mplads.mospi.gov.in)
MOSPI-2024-MA-0067,Maharashtra,Thane,Thane,Rajan Vichare,18th Lok Sabha,Community Infrastructure,Development of Rural Haat and Market Shed with Raised Concrete Platform at Thane,"Thane Sub-Division, Maharashtra",4640000,4570000,2860000,2180000,2024-07-15,2024-09-20,2024-10-06,,Ongoing,PWD Division Nagpur,Himalayan Engineering Associates,,,MoSPI eSAKSHI Official Portal (https://mplads.mospi.gov.in)
MOSPI-2024-AS-0068,Assam,Jorhat,Jorhat,Topon Kumar Gogoi,18th Lok Sabha,Healthcare,Construction of New Primary Health Sub-Centre Building with Staff Quarters at Jorhat,"Jorhat Sub-Division, Assam",1720000,1660000,1290000,1710000,2024-10-15,2024-12-23,2025-01-10,2025-05-26,Completed,DRDA Dibrugarh,Southern Civil Builders Ltd,,,MoSPI eSAKSHI Official Portal (https://mplads.mospi.gov.in)
MOSPI-2023-AS-0069,Assam,Jorhat,Jorhat,Topon Kumar Gogoi,17th Lok Sabha,Solar & Renewable Energy,Installation of 25 kWp Grid-Tied Rooftop Solar PV System on Govt Hospital at Jorhat,"Jorhat Sub-Division, Assam",1530000,1510000,930000,1470000,2023-06-10,2023-07-27,2023-09-09,2024-09-01,Completed,Guwahati Municipal Corporation,Sri Krishna Infra Projects,,,MoSPI eSAKSHI Official Portal (https://mplads.mospi.gov.in)
MOSPI-2023-UT-0070,Uttar Pradesh,Prayagraj,Allahabad,Rita Bahuguna Joshi,17th Lok Sabha,Sanitation,Deployment of Battery-Operated Door-to-Door Solid Waste Collection E-Vehicles at Prayagraj,"Prayagraj Sub-Division, Uttar Pradesh",2160000,2030000,1300000,1960000,2023-06-17,2023-08-23,2023-09-07,2024-04-19,Completed,Prayagraj Zila Panchayat,National Rural Infrastructure Corp,,,MoSPI eSAKSHI Official Portal (https://mplads.mospi.gov.in)
MOSPI-2023-RA-0071,Rajasthan,Ajmer,Ajmer,Bhagirath Choudhary,17th Lok Sabha,Healthcare,Renovation of Maternity and Neonatal Care Ward in Taluk Hospital at Ajmer,"Ajmer Sub-Division, Rajasthan",2750000,2540000,1780000,1000000,2023-12-23,2024-02-02,2024-03-11,,Ongoing,Ajmer Zila Parishad,National Rural Infrastructure Corp,,,MoSPI eSAKSHI Official Portal (https://mplads.mospi.gov.in)
MOSPI-2025-KA-0072,Karnataka,Bengaluru Urban,Bangalore South,Tejasvi Surya,18th Lok Sabha,Road & Connectivity,Construction of Cement Concrete Link Road with Covered Storm-water Drainage at Bengaluru Urban,"Bengaluru Urban Sub-Division, Karnataka",8630000,7920000,5820000,4660000,2025-01-13,2025-02-12,2025-03-15,,Ongoing,DRDA Dharwad,Sunrise Civil Works,,,MoSPI eSAKSHI Official Portal (https://mplads.mospi.gov.in)
MOSPI-2023-MA-0073,Maharashtra,Nashik,Nashik,Hemant Godse,17th Lok Sabha,Solar & Renewable Energy,Installation of 25 kWp Grid-Tied Rooftop Solar PV System on Govt Hospital at Nashik,"Nashik Sub-Division, Maharashtra",2120000,2010000,1820000,1460000,2023-12-14,2024-02-28,2024-03-09,,Ongoing,Thane Zilla Parishad,,,,MoSPI eSAKSHI Official Portal (https://mplads.mospi.gov.in)
MOSPI-2023-KA-0074,Karnataka,Dharwad,Dharwad,Pralhad Joshi,17th Lok Sabha,Drinking Water,Installation of Deep Borewell with Solar RO Purification Plant at Dharwad,"Dharwad Sub-Division, Karnataka",3010000,2830000,0.0,0.0,2023-12-20,,,,Recommended,DRDA Dharwad,Shiva Shakti Constructions,,,MoSPI eSAKSHI Official Portal (https://mplads.mospi.gov.in)
MOSPI-2023-TA-0075,Tamil Nadu,Coimbatore,Coimbatore,P. R. Natarajan,17th Lok Sabha,Solar & Renewable Energy,Installation of Integrated Solar Street Lighting Network in Un-electrified Hamlets at Coimbatore,"Coimbatore Sub-Division, Tamil Nadu",2430000,2250000,1920000,2150000,2023-07-20,2023-09-26,2023-10-20,2024-03-17,Completed,Salem Rural Development Agency,Southern Civil Builders Ltd,,,MoSPI eSAKSHI Official Portal (https://mplads.mospi.gov.in)
MOSPI-2024-MA-0076,Madhya Pradesh,Bhopal,Bhopal,Sadhvi Pragya Singh Thakur,18th Lok Sabha,Solar & Renewable Energy,Installation of Integrated Solar Street Lighting Network in Un-electrified Hamlets at Bhopal,"Bhopal Sub-Division, Madhya Pradesh",2760000,2440000,1860000,1310000,2024-06-25,2024-08-03,2024-08-16,,Ongoing,Bhopal Municipal Corporation,Himalayan Engineering Associates,,,MoSPI eSAKSHI Official Portal (https://mplads.mospi.gov.in)
MOSPI-2023-UT-0077,Uttar Pradesh,Prayagraj,Allahabad,Rita Bahuguna Joshi,17th Lok Sabha,Drinking Water,Installation of Deep Borewell with Solar RO Purification Plant at Prayagraj,"Prayagraj Sub-Division, Uttar Pradesh",2070000,1910000,1770000,1330000,2023-09-23,2023-09-13,2023-10-11,,Ongoing,DRDA Gorakhpur,Apex Engineering & Projects,,,MoSPI eSAKSHI Official Portal (https://mplads.mospi.gov.in)
MOSPI-2023-KA-0078,Karnataka,Dakshina Kannada,Dakshina Kannada,Nalin Kumar Kateel,17th Lok Sabha,Healthcare,Provision of Advanced Life Support Mobile Ambulance Unit for Sub-Divisional Hospital at Dakshina Kannada,"Dakshina Kannada Sub-Division, Karnataka",3230000,2900000,2540000,2980000,2023-10-15,2023-12-28,2024-01-31,2024-06-08,Completed,DRDA Dharwad,Sri Krishna Infra Projects,,,MoSPI eSAKSHI Official Portal (https://mplads.mospi.gov.in)
MOSPI-2023-WE-0079,West Bengal,Kolkata,Kolkata South,Mala Roy,17th Lok Sabha,Road & Connectivity,Bituminous Surface Renewal of Village Approach Road to National Highway at Kolkata,"Kolkata Sub-Division, West Bengal",3930000,3880000,3160000,3950000,2023-06-14,2023-07-27,2023-09-04,2024-05-29,Completed,Darjeeling Gorkhaland Territorial Admin,Apex Engineering & Projects,,,MoSPI eSAKSHI Official Portal (https://mplads.mospi.gov.in)
MOSPI-2024-KA-0080,Karnataka,Bengaluru Urban,Bangalore South,Tejasvi Surya,18th Lok Sabha,Sanitation,Installation of Bio-Toilets at Public Bus Stands and Weekly Market Yards at Bengaluru Urban,"Bengaluru Urban Sub-Division, Karnataka",1860000,1760000,1190000,1820000,2024-07-29,2024-08-21,2024-09-08,2025-05-02,Completed,Karnataka Rural Infrastructure Development Ltd (KRIDL),Himalayan Engineering Associates,,,MoSPI eSAKSHI Official Portal (https://mplads.mospi.gov.in)
MOSPI-2023-WE-0081,West Bengal,Howrah,Howrah,Prasun Banerjee,17th Lok Sabha,Solar & Renewable Energy,Installation of Integrated Solar Street Lighting Network in Un-electrified Hamlets at Howrah,"Howrah Sub-Division, West Bengal",2870000,2810000,0.0,0.0,2023-07-15,,,,Recommended,Darjeeling Gorkhaland Territorial Admin,Sunrise Civil Works,,,MoSPI eSAKSHI Official Portal (https://mplads.mospi.gov.in)
MOSPI-2024-MA-0082,Maharashtra,Thane,Thane,Rajan Vichare,18th Lok Sabha,Sanitation,Deployment of Battery-Operated Door-to-Door Solid Waste Collection E-Vehicles at Thane,"Thane Sub-Division, Maharashtra",760000,670000,650000,690000,2024-01-24,2024-04-03,2024-04-18,2024-10-28,Completed,Nashik Municipal Corporation,Pragati Buildcon Services,,,MoSPI eSAKSHI Official Portal (https://mplads.mospi.gov.in)
MOSPI-2024-RA-0083,Rajasthan,Jaipur,Jaipur,Ramcharan Bohra,18th Lok Sabha,Education,Supply of Dual Desks and Laboratory Equipment to Rural High Schools at Jaipur,"Jaipur Sub-Division, Rajasthan",2700000,2500000,1910000,1330000,2024-12-21,2025-02-02,2025-02-14,,Ongoing,Kota Urban Improvement Trust,Vanguard Projects India,,,MoSPI eSAKSHI Official Portal (https://mplads.mospi.gov.in)
MOSPI-2024-AS-0084,Assam,Dibrugarh,Dibrugarh,Rameswar Teli,18th Lok Sabha,Drinking Water,"Construction of Overhead Drinking Water Storage Reservoir (50,000 Ltr) at Dibrugarh","Dibrugarh Sub-Division, Assam",3220000,3130000,3050000,390000,2024-03-18,2024-05-23,,,Sanctioned,PWD (Roads) Jorhat,Sri Krishna Infra Projects,,,MoSPI eSAKSHI Official Portal (https://mplads.mospi.gov.in)
MOSPI-2025-MA-0085,Madhya Pradesh,Indore,Indore,Shankar Lalwani,18th Lok Sabha,Drinking Water,Installation of Deep Borewell with Solar RO Purification Plant at Indore,"Indore Sub-Division, Madhya Pradesh",2230000,1970000,1550000,1980000,2025-01-20,2025-03-21,2025-04-07,2025-11-18,Completed,PWD Gwalior Division,National Rural Infrastructure Corp,,,MoSPI eSAKSHI Official Portal (https://mplads.mospi.gov.in)
MOSPI-2025-RA-0086,Rajasthan,Udaipur,Udaipur,Arjun Lal Meena,18th Lok Sabha,Education,Establishment of Digital Smart Classrooms and STEM Lab in Govt Higher Secondary School at Udaipur,"Udaipur Sub-Division, Rajasthan",3730000,3460000,2560000,2290000,2025-01-18,2025-02-18,2025-03-12,,Ongoing,PWD Road Division Jaipur,Sunrise Civil Works,,,MoSPI eSAKSHI Official Portal (https://mplads.mospi.gov.in)
MOSPI-2024-KA-0087,Karnataka,Dakshina Kannada,Dakshina Kannada,Nalin Kumar Kateel,18th Lok Sabha,Sports Facility,Development of Public Sports Ground with Running Track and Floodlighting at Dakshina Kannada,"Dakshina Kannada Sub-Division, Karnataka",850000,800000,600000,790000,2024-12-02,2025-02-28,2025-04-10,2025-11-20,Completed,Karnataka Rural Infrastructure Development Ltd (KRIDL),,,,MoSPI eSAKSHI Official Portal (https://mplads.mospi.gov.in)
MOSPI-2024-WE-0088,West Bengal,Kolkata,Kolkata South,Mala Roy,18th Lok Sabha,Sanitation,Construction of Modern Community Sanitary Complex with Running Water Facility at Kolkata,"Kolkata Sub-Division, West Bengal",590000,570000,510000,590000,2024-12-28,2025-03-05,2025-04-13,2026-03-01,Completed,Howrah Zilla Parishad,National Rural Infrastructure Corp,,,MoSPI eSAKSHI Official Portal (https://mplads.mospi.gov.in)
MOSPI-2024-MA-0089,Maharashtra,Pune,Pune,Murlidhar Mohol,18th Lok Sabha,Solar & Renewable Energy,Installation of 25 kWp Grid-Tied Rooftop Solar PV System on Govt Hospital at Pune,"Pune Sub-Division, Maharashtra",2320000,2300000,1740000,180000,2024-02-16,2024-04-24,,,Sanctioned,Nashik Municipal Corporation,,,,MoSPI eSAKSHI Official Portal (https://mplads.mospi.gov.in)
MOSPI-2024-TA-0090,Tamil Nadu,Salem,Salem,S. R. Parthiban,18th Lok Sabha,Road & Connectivity,Construction of Box Culvert Bridge over Drainage Channel connecting Rural Hamlets at Salem,"Salem Sub-Division, Tamil Nadu",8150000,7170000,7020000,5180000,2024-01-02,2024-01-18,2024-02-15,,Ongoing,PWD Buildings Division Chennai,Standard Technical Contractors,,,MoSPI eSAKSHI Official Portal (https://mplads.mospi.gov.in)
MOSPI-2024-KA-0091,Karnataka,Dakshina Kannada,Dakshina Kannada,Nalin Kumar Kateel,18th Lok Sabha,Solar & Renewable Energy,Installation of Integrated Solar Street Lighting Network in Un-electrified Hamlets at Dakshina Kannada,"Dakshina Kannada Sub-Division, Karnataka",2510000,2460000,2270000,920000,2024-05-05,2024-05-31,2024-07-03,,Ongoing,PWD Belagavi Division,Himalayan Engineering Associates,,,MoSPI eSAKSHI Official Portal (https://mplads.mospi.gov.in)
MOSPI-2023-TA-0092,Tamil Nadu,Chennai,Chennai South,Thamizhachi Thangapandian,17th Lok Sabha,Drinking Water,Installation of Deep Borewell with Solar RO Purification Plant at Chennai,"Chennai Sub-Division, Tamil Nadu",2650000,2420000,1470000,630000,2023-04-19,2023-07-18,2023-08-03,,Ongoing,DRDA Chennai,Standard Technical Contractors,,,MoSPI eSAKSHI Official Portal (https://mplads.mospi.gov.in)
MOSPI-2024-UT-0093,Uttar Pradesh,Gorakhpur,Gorakhpur,Ravi Kishan,18th Lok Sabha,Road & Connectivity,Construction of Cement Concrete Link Road with Covered Storm-water Drainage at Gorakhpur,"Gorakhpur Sub-Division, Uttar Pradesh",4130000,4110000,2530000,500000,2024-08-01,2024-10-12,,,Sanctioned,PWD Provincial Division Varanasi,Sunrise Civil Works,,,MoSPI eSAKSHI Official Portal (https://mplads.mospi.gov.in)
MOSPI-2023-MA-0094,Madhya Pradesh,Bhopal,Bhopal,Sadhvi Pragya Singh Thakur,17th Lok Sabha,Sanitation,Deployment of Battery-Operated Door-to-Door Solid Waste Collection E-Vehicles at Bhopal,"Bhopal Sub-Division, Madhya Pradesh",910000,900000,540000,850000,2023-12-03,2023-12-22,2024-01-04,2024-09-06,Completed,Bhopal Municipal Corporation,National Rural Infrastructure Corp,,,MoSPI eSAKSHI Official Portal (https://mplads.mospi.gov.in)
MOSPI-2024-UT-0095,Uttar Pradesh,Gorakhpur,Gorakhpur,Ravi Kishan,18th Lok Sabha,Solar & Renewable Energy,Installation of Integrated Solar Street Lighting Network in Un-electrified Hamlets at Gorakhpur,"Gorakhpur Sub-Division, Uttar Pradesh",2910000,2710000,1990000,990000,2024-11-26,2025-01-11,2025-01-23,,Ongoing,PWD Provincial Division Varanasi,Sri Krishna Infra Projects,,,MoSPI eSAKSHI Official Portal (https://mplads.mospi.gov.in)
MOSPI-2023-MA-0096,Maharashtra,Nagpur,Nagpur,Nitin Gadkari,17th Lok Sabha,Solar & Renewable Energy,Installation of 25 kWp Grid-Tied Rooftop Solar PV System on Govt Hospital at Nagpur,"Nagpur Sub-Division, Maharashtra",790000,750000,0.0,0.0,2023-09-25,,,,Recommended,Maharashtra Jeevan Pradhikaran,Himalayan Engineering Associates,,,MoSPI eSAKSHI Official Portal (https://mplads.mospi.gov.in)
MOSPI-2023-MA-0097,Maharashtra,Nagpur,Nagpur,Nitin Gadkari,17th Lok Sabha,Solar & Renewable Energy,Installation of Integrated Solar Street Lighting Network in Un-electrified Hamlets at Nagpur,"Nagpur Sub-Division, Maharashtra",3020000,2630000,2300000,2580000,2023-08-04,2023-10-05,2023-11-19,2024-04-18,Completed,PWD Division Nagpur,Standard Technical Contractors,,,MoSPI eSAKSHI Official Portal (https://mplads.mospi.gov.in)
MOSPI-2024-MA-0098,Maharashtra,Nashik,Nashik,Hemant Godse,18th Lok Sabha,Drinking Water,Provision of Community Water ATMs at Public Transit Hubs at Nashik,"Nashik Sub-Division, Maharashtra",2070000,1970000,1390000,600000,2024-05-09,2024-06-22,2024-07-23,,Ongoing,Thane Zilla Parishad,Himalayan Engineering Associates,,,MoSPI eSAKSHI Official Portal (https://mplads.mospi.gov.in)
MOSPI-2025-UT-0099,Uttar Pradesh,Kanpur Nagar,Kanpur,Satyadev Pachauri,18th Lok Sabha,Solar & Renewable Energy,Installation of Integrated Solar Street Lighting Network in Un-electrified Hamlets at Kanpur Nagar,"Kanpur Nagar Sub-Division, Uttar Pradesh",1430000,1290000,850000,1260000,2025-03-01,2025-04-05,2025-05-09,2025-12-20,Completed,Prayagraj Zila Panchayat,Sunrise Civil Works,,,MoSPI eSAKSHI Official Portal (https://mplads.mospi.gov.in)
MOSPI-2024-UT-0100,Uttar Pradesh,Prayagraj,Allahabad,Rita Bahuguna Joshi,18th Lok Sabha,Drinking Water,Piped Drinking Water Supply Augmentation in Backward Wards at Prayagraj,"Prayagraj Sub-Division, Uttar Pradesh",710000,640000,570000,640000,2024-02-12,2024-03-17,2024-04-05,2024-07-17,Completed,PWD Provincial Division Varanasi,Apex Engineering & Projects,,,MoSPI eSAKSHI Official Portal (https://mplads.mospi.gov.in)
MOSPI-2024-AS-0101,Assam,Dibrugarh,Dibrugarh,Rameswar Teli,18th Lok Sabha,Community Infrastructure,Construction of Multipurpose Community Hall for Public Cultural and Civic Events at Dibrugarh,"Dibrugarh Sub-Division, Assam",2720000,2400000,2060000,410000,2024-11-23,2025-02-17,,,Sanctioned,Guwahati Municipal Corporation,Deccan Infrastructure Ltd,,,MoSPI eSAKSHI Official Portal (https://mplads.mospi.gov.in)
MOSPI-2024-TA-0102,Tamil Nadu,Chennai,Chennai South,Thamizhachi Thangapandian,18th Lok Sabha,Road & Connectivity,Bituminous Surface Renewal of Village Approach Road to National Highway at Chennai,"Chennai Sub-Division, Tamil Nadu",4000000,3900000,0.0,0.0,2024-06-21,,,,Recommended,PWD Buildings Division Chennai,Himalayan Engineering Associates,,,MoSPI eSAKSHI Official Portal (https://mplads.mospi.gov.in)
MOSPI-2023-UT-0103,Uttar Pradesh,Gorakhpur,Gorakhpur,Ravi Kishan,17th Lok Sabha,Drinking Water,Piped Drinking Water Supply Augmentation in Backward Wards at Gorakhpur,"Gorakhpur Sub-Division, Uttar Pradesh",990000,880000,670000,830000,2023-10-12,2024-01-02,2024-02-03,2024-11-24,Completed,DRDA Gorakhpur,Apex Engineering & Projects,,,MoSPI eSAKSHI Official Portal (https://mplads.mospi.gov.in)
MOSPI-2024-MA-0104,Madhya Pradesh,Gwalior,Gwalior,Vivek Narayan Shejwalkar,18th Lok Sabha,Sports Facility,Construction of Synthetic Badminton Court and Indoor Recreational Facility at Gwalior,"Gwalior Sub-Division, Madhya Pradesh",3580000,3470000,2390000,1340000,2024-05-09,2024-07-03,2024-08-02,,Ongoing,PWD Gwalior Division,Pragati Buildcon Services,,,MoSPI eSAKSHI Official Portal (https://mplads.mospi.gov.in)
MOSPI-2024-MA-0105,Maharashtra,Pune,Pune,Murlidhar Mohol,18th Lok Sabha,Sports Facility,Development of Public Sports Ground with Running Track and Floodlighting at Pune,"Pune Sub-Division, Maharashtra",3770000,3400000,0.0,0.0,2024-07-29,,,,Recommended,Zilla Parishad Pune (Works Dept),National Rural Infrastructure Corp,,,MoSPI eSAKSHI Official Portal (https://mplads.mospi.gov.in)
MOSPI-2024-RA-0106,Rajasthan,Jodhpur,Jodhpur,Gajendra Singh Shekhawat,18th Lok Sabha,Education,Modernization of School Library and Computer Learning Centre at Jodhpur,"Jodhpur Sub-Division, Rajasthan",1960000,1860000,1560000,200000,2024-10-10,2024-10-27,,,Sanctioned,Kota Urban Improvement Trust,Sunrise Civil Works,,,MoSPI eSAKSHI Official Portal (https://mplads.mospi.gov.in)
MOSPI-2023-MA-0107,Maharashtra,Pune,Pune,Murlidhar Mohol,17th Lok Sabha,Drinking Water,Piped Drinking Water Supply Augmentation in Backward Wards at Pune,"Pune Sub-Division, Maharashtra",1110000,1110000,710000,1020000,2023-07-30,2023-08-24,2023-09-20,2024-02-27,Completed,PWD Division Nagpur,Himalayan Engineering Associates,,,MoSPI eSAKSHI Official Portal (https://mplads.mospi.gov.in)
MOSPI-2023-RA-0108,Rajasthan,Kota,Kota,Om Birla,17th Lok Sabha,Drinking Water,Piped Drinking Water Supply Augmentation in Backward Wards at Kota,"Kota Sub-Division, Rajasthan",3390000,2950000,0.0,0.0,2023-06-07,,,,Recommended,PWD Road Division Jaipur,Pragati Buildcon Services,,,MoSPI eSAKSHI Official Portal (https://mplads.mospi.gov.in)
MOSPI-2024-UT-0109,Uttar Pradesh,Lucknow,Lucknow,Rajnath Singh,18th Lok Sabha,Healthcare,Provision of Advanced Life Support Mobile Ambulance Unit for Sub-Divisional Hospital at Lucknow,"Lucknow Sub-Division, Uttar Pradesh",6840000,6190000,0.0,0.0,2024-04-21,,,,Recommended,PWD Provincial Division Varanasi,Himalayan Engineering Associates,,,MoSPI eSAKSHI Official Portal (https://mplads.mospi.gov.in)
MOSPI-2024-AS-0110,Assam,Jorhat,Jorhat,Topon Kumar Gogoi,18th Lok Sabha,Drinking Water,"Construction of Overhead Drinking Water Storage Reservoir (50,000 Ltr) at Jorhat","Jorhat Sub-Division, Assam",2810000,2670000,2570000,2220000,2024-09-14,2024-11-09,2024-12-07,,Ongoing,PWD (Roads) Jorhat,Sunrise Civil Works,,,MoSPI eSAKSHI Official Portal (https://mplads.mospi.gov.in)
MOSPI-2024-KA-0111,Karnataka,Bengaluru Urban,Bangalore South,Tejasvi Surya,18th Lok Sabha,Solar & Renewable Energy,Installation of 25 kWp Grid-Tied Rooftop Solar PV System on Govt Hospital at Bengaluru Urban,"Bengaluru Urban Sub-Division, Karnataka",1410000,1290000,980000,1230000,2024-07-22,2024-08-17,2024-09-10,2025-04-04,Completed,Mysuru Zilla Panchayat,Sri Krishna Infra Projects,,,MoSPI eSAKSHI Official Portal (https://mplads.mospi.gov.in)
MOSPI-2023-KA-0112,Karnataka,Dharwad,Dharwad,Pralhad Joshi,17th Lok Sabha,Community Infrastructure,Erection of High-Mast Solar LED Tower Lights in Public Market Squares at Dharwad,"Dharwad Sub-Division, Karnataka",900000,850000,620000,490000,2023-11-20,2023-12-31,2024-02-11,,Ongoing,Karnataka Rural Infrastructure Development Ltd (KRIDL),Shiva Shakti Constructions,,,MoSPI eSAKSHI Official Portal (https://mplads.mospi.gov.in)
MOSPI-2024-MA-0113,Madhya Pradesh,Gwalior,Gwalior,Vivek Narayan Shejwalkar,18th Lok Sabha,Solar & Renewable Energy,Installation of Integrated Solar Street Lighting Network in Un-electrified Hamlets at Gwalior,"Gwalior Sub-Division, Madhya Pradesh",800000,720000,600000,320000,2024-05-14,2024-07-07,2024-07-19,,Ongoing,Indore Development Authority,Deccan Infrastructure Ltd,,,MoSPI eSAKSHI Official Portal (https://mplads.mospi.gov.in)
MOSPI-2025-UT-0114,Uttar Pradesh,Lucknow,Lucknow,Rajnath Singh,18th Lok Sabha,Sports Facility,Construction of Synthetic Badminton Court and Indoor Recreational Facility at Lucknow,"Lucknow Sub-Division, Uttar Pradesh",1480000,1310000,850000,520000,2025-02-23,2025-03-10,2025-04-19,,Ongoing,Kanpur Development Authority,Pragati Buildcon Services,,,MoSPI eSAKSHI Official Portal (https://mplads.mospi.gov.in)
MOSPI-2023-MA-0115,Maharashtra,Thane,Thane,Rajan Vichare,17th Lok Sabha,Drinking Water,Provision of Community Water ATMs at Public Transit Hubs at Thane,"Thane Sub-Division, Maharashtra",2290000,2230000,1930000,2200000,2023-09-23,2023-10-31,2023-11-12,2024-09-23,Completed,Nashik Municipal Corporation,,,,MoSPI eSAKSHI Official Portal (https://mplads.mospi.gov.in)
MOSPI-2023-AS-0116,Assam,Kamrup Metropolitan,Gauhati,Queen Oja,17th Lok Sabha,Drinking Water,Installation of Deep Borewell with Solar RO Purification Plant at Kamrup Metropolitan,"Kamrup Metropolitan Sub-Division, Assam",3080000,2860000,2610000,2000000,2023-05-01,2023-06-07,2023-07-19,,Ongoing,Guwahati Municipal Corporation,Deccan Infrastructure Ltd,,,MoSPI eSAKSHI Official Portal (https://mplads.mospi.gov.in)
MOSPI-2023-TA-0117,Tamil Nadu,Chennai,Chennai South,Thamizhachi Thangapandian,17th Lok Sabha,Healthcare,Procurement of Dialysis Units and Diagnostic Equipment for Community Health Centre at Chennai,"Chennai Sub-Division, Tamil Nadu",3280000,2860000,2310000,2870000,2023-09-04,2023-10-24,2023-11-20,2024-06-08,Completed,Coimbatore City Municipal Corporation,Sunrise Civil Works,,,MoSPI eSAKSHI Official Portal (https://mplads.mospi.gov.in)
MOSPI-2023-MA-0118,Madhya Pradesh,Indore,Indore,Shankar Lalwani,17th Lok Sabha,Healthcare,Provision of Advanced Life Support Mobile Ambulance Unit for Sub-Divisional Hospital at Indore,"Indore Sub-Division, Madhya Pradesh",1990000,1800000,1730000,1260000,2023-06-26,2023-08-16,2023-08-31,,Ongoing,Bhopal Municipal Corporation,National Rural Infrastructure Corp,,,MoSPI eSAKSHI Official Portal (https://mplads.mospi.gov.in)
MOSPI-2024-KA-0119,Karnataka,Dakshina Kannada,Dakshina Kannada,Nalin Kumar Kateel,18th Lok Sabha,Sports Facility,Installation of Open Air Gymnasium Equipment in Municipal Public Park at Dakshina Kannada,"Dakshina Kannada Sub-Division, Karnataka",990000,940000,630000,120000,2024-11-10,2024-11-29,,,Sanctioned,DRDA Dharwad,,,,MoSPI eSAKSHI Official Portal (https://mplads.mospi.gov.in)
MOSPI-2023-MA-0120,Madhya Pradesh,Gwalior,Gwalior,Vivek Narayan Shejwalkar,17th Lok Sabha,Sports Facility,Construction of Synthetic Badminton Court and Indoor Recreational Facility at Gwalior,"Gwalior Sub-Division, Madhya Pradesh",1150000,1020000,800000,970000,2023-10-11,2023-11-10,2023-12-01,2024-07-17,Completed,Indore Development Authority,Sri Krishna Infra Projects,,,MoSPI eSAKSHI Official Portal (https://mplads.mospi.gov.in)
MOSPI-2024-UT-0121,Uttar Pradesh,Prayagraj,Allahabad,Rita Bahuguna Joshi,18th Lok Sabha,Healthcare,Provision of Advanced Life Support Mobile Ambulance Unit for Sub-Divisional Hospital at Prayagraj,"Prayagraj Sub-Division, Uttar Pradesh",1570000,1500000,1100000,740000,2024-08-25,2024-10-03,2024-11-12,,Ongoing,Kanpur Development Authority,Pragati Buildcon Services,,,MoSPI eSAKSHI Official Portal (https://mplads.mospi.gov.in)
MOSPI-2024-UT-0122,Uttar Pradesh,Gorakhpur,Gorakhpur,Ravi Kishan,18th Lok Sabha,Sports Facility,Construction of Synthetic Badminton Court and Indoor Recreational Facility at Gorakhpur,"Gorakhpur Sub-Division, Uttar Pradesh",1350000,1350000,1270000,1290000,2024-12-17,2025-02-06,2025-03-14,2025-06-28,Completed,UP Jal Nigam Lucknow,Standard Technical Contractors,,,MoSPI eSAKSHI Official Portal (https://mplads.mospi.gov.in)
MOSPI-2023-MA-0123,Madhya Pradesh,Indore,Indore,Shankar Lalwani,17th Lok Sabha,Sanitation,Deployment of Battery-Operated Door-to-Door Solid Waste Collection E-Vehicles at Indore,"Indore Sub-Division, Madhya Pradesh",2220000,1950000,0.0,0.0,2023-12-31,,,,Recommended,PWD Gwalior Division,Himalayan Engineering Associates,,,MoSPI eSAKSHI Official Portal (https://mplads.mospi.gov.in)
MOSPI-2023-MA-0124,Maharashtra,Pune,Pune,Murlidhar Mohol,17th Lok Sabha,Road & Connectivity,Bituminous Surface Renewal of Village Approach Road to National Highway at Pune,"Pune Sub-Division, Maharashtra",2180000,1950000,1500000,1230000,2023-04-30,2023-07-24,2023-08-15,,Ongoing,Zilla Parishad Pune (Works Dept),Himalayan Engineering Associates,,,MoSPI eSAKSHI Official Portal (https://mplads.mospi.gov.in)
MOSPI-2024-MA-0125,Maharashtra,Kolhapur,Kolhapur,Sanjay Mandlik,18th Lok Sabha,Sports Facility,Development of Public Sports Ground with Running Track and Floodlighting at Kolhapur,"Kolhapur Sub-Division, Maharashtra",3540000,3530000,2210000,310000,2024-03-11,2024-05-01,,,Sanctioned,Nashik Municipal Corporation,National Rural Infrastructure Corp,,,MoSPI eSAKSHI Official Portal (https://mplads.mospi.gov.in)
MOSPI-2023-MA-0126,Madhya Pradesh,Bhopal,Bhopal,Sadhvi Pragya Singh Thakur,17th Lok Sabha,Education,Supply of Dual Desks and Laboratory Equipment to Rural High Schools at Bhopal,"Bhopal Sub-Division, Madhya Pradesh",4470000,4250000,3690000,470000,2023-08-16,2023-09-08,,,Sanctioned,Indore Development Authority,,,,MoSPI eSAKSHI Official Portal (https://mplads.mospi.gov.in)
MOSPI-2023-TA-0127,Tamil Nadu,Salem,Salem,S. R. Parthiban,17th Lok Sabha,Education,Establishment of Digital Smart Classrooms and STEM Lab in Govt Higher Secondary School at Salem,"Salem Sub-Division, Tamil Nadu",1780000,1630000,1140000,1650000,2023-10-01,2023-11-13,2023-12-24,2024-07-18,Completed,PWD Buildings Division Chennai,Deccan Infrastructure Ltd,,,MoSPI eSAKSHI Official Portal (https://mplads.mospi.gov.in)
MOSPI-2024-WE-0128,West Bengal,Kolkata,Kolkata South,Mala Roy,18th Lok Sabha,Community Infrastructure,Development of Rural Haat and Market Shed with Raised Concrete Platform at Kolkata,"Kolkata Sub-Division, West Bengal",1490000,1390000,0.0,0.0,2024-09-02,,,,Recommended,PWD North 24 Parganas,Himalayan Engineering Associates,,,MoSPI eSAKSHI Official Portal (https://mplads.mospi.gov.in)
MOSPI-2024-TA-0129,Tamil Nadu,Tiruchirappalli,Tiruchirappalli,Su. Thirunavukkarasar,18th Lok Sabha,Community Infrastructure,Development of Rural Haat and Market Shed with Raised Concrete Platform at Tiruchirappalli,"Tiruchirappalli Sub-Division, Tamil Nadu",5160000,4640000,4220000,2110000,2024-01-04,2024-02-29,2024-04-06,,Ongoing,TWAD Board Madurai,,,,MoSPI eSAKSHI Official Portal (https://mplads.mospi.gov.in)
MOSPI-2024-RA-0130,Rajasthan,Kota,Kota,Om Birla,18th Lok Sabha,Community Infrastructure,Erection of High-Mast Solar LED Tower Lights in Public Market Squares at Kota,"Kota Sub-Division, Rajasthan",1200000,1140000,1050000,1100000,2024-01-19,2024-02-23,2024-03-30,2025-01-11,Completed,PWD Road Division Jaipur,National Rural Infrastructure Corp,,,MoSPI eSAKSHI Official Portal (https://mplads.mospi.gov.in)
MOSPI-2024-RA-0131,Rajasthan,Jodhpur,Jodhpur,Gajendra Singh Shekhawat,18th Lok Sabha,Solar & Renewable Energy,Installation of Integrated Solar Street Lighting Network in Un-electrified Hamlets at Jodhpur,"Jodhpur Sub-Division, Rajasthan",2910000,2820000,1720000,1120000,2024-06-28,2024-08-31,2024-09-22,,Ongoing,PWD Road Division Jaipur,Sunrise Civil Works,,,MoSPI eSAKSHI Official Portal (https://mplads.mospi.gov.in)
MOSPI-2023-MA-0132,Maharashtra,Kolhapur,Kolhapur,Sanjay Mandlik,17th Lok Sabha,Sanitation,Installation of Bio-Toilets at Public Bus Stands and Weekly Market Yards at Kolhapur,"Kolhapur Sub-Division, Maharashtra",2290000,2070000,1300000,1110000,2023-11-23,2024-01-09,2024-01-21,,Ongoing,Zilla Parishad Pune (Works Dept),Sunrise Civil Works,,,MoSPI eSAKSHI Official Portal (https://mplads.mospi.gov.in)
MOSPI-2024-WE-0133,West Bengal,North 24 Parganas,Barasat,Kakoli Ghosh Dastidar,18th Lok Sabha,Education,Supply of Dual Desks and Laboratory Equipment to Rural High Schools at North 24 Parganas,"North 24 Parganas Sub-Division, West Bengal",1360000,1250000,1180000,1090000,2024-05-17,2024-06-15,2024-07-27,,Ongoing,Howrah Zilla Parishad,Sunrise Civil Works,,,MoSPI eSAKSHI Official Portal (https://mplads.mospi.gov.in)
MOSPI-2023-AS-0134,Assam,Dibrugarh,Dibrugarh,Rameswar Teli,17th Lok Sabha,Solar & Renewable Energy,Installation of Integrated Solar Street Lighting Network in Un-electrified Hamlets at Dibrugarh,"Dibrugarh Sub-Division, Assam",3030000,2910000,2200000,970000,2023-08-29,2023-09-14,2023-10-05,,Ongoing,Guwahati Municipal Corporation,Vanguard Projects India,,,MoSPI eSAKSHI Official Portal (https://mplads.mospi.gov.in)
MOSPI-2024-WE-0135,West Bengal,Kolkata,Kolkata South,Mala Roy,18th Lok Sabha,Community Infrastructure,Erection of High-Mast Solar LED Tower Lights in Public Market Squares at Kolkata,"Kolkata Sub-Division, West Bengal",4490000,4010000,3120000,4090000,2024-04-22,2024-07-12,2024-08-23,2025-07-31,Completed,Howrah Zilla Parishad,Sunrise Civil Works,,,MoSPI eSAKSHI Official Portal (https://mplads.mospi.gov.in)
MOSPI-2024-MA-0136,Maharashtra,Thane,Thane,Rajan Vichare,18th Lok Sabha,Solar & Renewable Energy,Installation of 25 kWp Grid-Tied Rooftop Solar PV System on Govt Hospital at Thane,"Thane Sub-Division, Maharashtra",1500000,1430000,0.0,0.0,2024-04-16,,,,Recommended,Maharashtra Jeevan Pradhikaran,Apex Engineering & Projects,,,MoSPI eSAKSHI Official Portal (https://mplads.mospi.gov.in)
MOSPI-2024-MA-0137,Madhya Pradesh,Indore,Indore,Shankar Lalwani,18th Lok Sabha,Solar & Renewable Energy,Installation of 25 kWp Grid-Tied Rooftop Solar PV System on Govt Hospital at Indore,"Indore Sub-Division, Madhya Pradesh",1200000,1130000,760000,670000,2024-07-10,2024-08-02,2024-09-12,,Ongoing,Bhopal Municipal Corporation,Sunrise Civil Works,,,MoSPI eSAKSHI Official Portal (https://mplads.mospi.gov.in)
MOSPI-2023-KA-0138,Karnataka,Bengaluru Urban,Bangalore South,Tejasvi Surya,17th Lok Sabha,Healthcare,Construction of New Primary Health Sub-Centre Building with Staff Quarters at Bengaluru Urban,"Bengaluru Urban Sub-Division, Karnataka",1600000,1580000,1060000,1570000,2023-10-27,2023-12-22,2024-01-30,2024-10-20,Completed,Mysuru Zilla Panchayat,Deccan Infrastructure Ltd,,,MoSPI eSAKSHI Official Portal (https://mplads.mospi.gov.in)
MOSPI-2024-AS-0139,Assam,Dibrugarh,Dibrugarh,Rameswar Teli,18th Lok Sabha,Sanitation,Deployment of Battery-Operated Door-to-Door Solid Waste Collection E-Vehicles at Dibrugarh,"Dibrugarh Sub-Division, Assam",1420000,1400000,900000,650000,2024-11-10,2024-12-17,2025-01-09,,Ongoing,PWD (Roads) Jorhat,Deccan Infrastructure Ltd,,,MoSPI eSAKSHI Official Portal (https://mplads.mospi.gov.in)
MOSPI-2024-MA-0140,Maharashtra,Thane,Thane,Rajan Vichare,18th Lok Sabha,Community Infrastructure,Construction of Multipurpose Community Hall for Public Cultural and Civic Events at Thane,"Thane Sub-Division, Maharashtra",5140000,4940000,3600000,4620000,2024-11-09,2024-12-20,2025-01-30,2026-01-18,Completed,Nashik Municipal Corporation,,,,MoSPI eSAKSHI Official Portal (https://mplads.mospi.gov.in)
MOSPI-2024-KA-0141,Karnataka,Dakshina Kannada,Dakshina Kannada,Nalin Kumar Kateel,18th Lok Sabha,Sanitation,Deployment of Battery-Operated Door-to-Door Solid Waste Collection E-Vehicles at Dakshina Kannada,"Dakshina Kannada Sub-Division, Karnataka",840000,810000,540000,330000,2024-10-15,2024-12-31,2025-02-09,,Ongoing,Bruhat Bengaluru Mahanagara Palike (BBMP),National Rural Infrastructure Corp,,,MoSPI eSAKSHI Official Portal (https://mplads.mospi.gov.in)
MOSPI-2024-TA-0142,Tamil Nadu,Coimbatore,Coimbatore,P. R. Natarajan,18th Lok Sabha,Drinking Water,Provision of Community Water ATMs at Public Transit Hubs at Coimbatore,"Coimbatore Sub-Division, Tamil Nadu",1520000,1410000,1020000,1440000,2024-02-02,2024-03-15,2024-04-06,2024-12-24,Completed,PWD Buildings Division Chennai,Apex Engineering & Projects,,,MoSPI eSAKSHI Official Portal (https://mplads.mospi.gov.in)
MOSPI-2024-MA-0143,Maharashtra,Nashik,Nashik,Hemant Godse,18th Lok Sabha,Community Infrastructure,Erection of High-Mast Solar LED Tower Lights in Public Market Squares at Nashik,"Nashik Sub-Division, Maharashtra",2210000,1990000,1430000,1310000,2024-04-26,2024-06-30,2024-07-20,,Ongoing,Maharashtra Jeevan Pradhikaran,Deccan Infrastructure Ltd,,,MoSPI eSAKSHI Official Portal (https://mplads.mospi.gov.in)
MOSPI-2023-MA-0144,Maharashtra,Nagpur,Nagpur,Nitin Gadkari,17th Lok Sabha,Healthcare,Construction of New Primary Health Sub-Centre Building with Staff Quarters at Nagpur,"Nagpur Sub-Division, Maharashtra",6050000,5470000,4670000,2820000,2023-06-11,2023-07-06,2023-08-09,,Ongoing,Nashik Municipal Corporation,Pragati Buildcon Services,,,MoSPI eSAKSHI Official Portal (https://mplads.mospi.gov.in)
MOSPI-2024-RA-0145,Rajasthan,Kota,Kota,Om Birla,18th Lok Sabha,Drinking Water,Piped Drinking Water Supply Augmentation in Backward Wards at Kota,"Kota Sub-Division, Rajasthan",1990000,1970000,1970000,950000,2024-05-12,2024-07-11,2024-08-09,,Ongoing,Ajmer Zila Parishad,Vanguard Projects India,,,MoSPI eSAKSHI Official Portal (https://mplads.mospi.gov.in)
MOSPI-2024-RA-0146,Rajasthan,Jaipur,Jaipur,Ramcharan Bohra,18th Lok Sabha,Drinking Water,Provision of Community Water ATMs at Public Transit Hubs at Jaipur,"Jaipur Sub-Division, Rajasthan",900000,800000,580000,540000,2024-07-04,2024-08-10,2024-08-30,,Ongoing,PWD Road Division Jaipur,Apex Engineering & Projects,,,MoSPI eSAKSHI Official Portal (https://mplads.mospi.gov.in)
MOSPI-2023-TA-0147,Tamil Nadu,Madurai,Madurai,Su. Venkatesan,17th Lok Sabha,Sports Facility,Construction of Synthetic Badminton Court and Indoor Recreational Facility at Madurai,"Madurai Sub-Division, Tamil Nadu",1780000,1630000,1000000,100000,2023-11-12,2023-12-27,,,Sanctioned,PWD Buildings Division Chennai,Pragati Buildcon Services,,,MoSPI eSAKSHI Official Portal (https://mplads.mospi.gov.in)
MOSPI-2023-TA-0148,Tamil Nadu,Tiruchirappalli,Tiruchirappalli,Su. Thirunavukkarasar,17th Lok Sabha,Healthcare,Provision of Advanced Life Support Mobile Ambulance Unit for Sub-Divisional Hospital at Tiruchirappalli,"Tiruchirappalli Sub-Division, Tamil Nadu",5790000,5490000,3810000,2180000,2023-12-01,2024-01-18,2024-02-15,,Ongoing,DRDA Chennai,Standard Technical Contractors,,,MoSPI eSAKSHI Official Portal (https://mplads.mospi.gov.in)
MOSPI-2023-WE-0149,West Bengal,Darjeeling,Darjeeling,Raju Bista,17th Lok Sabha,Healthcare,Construction of New Primary Health Sub-Centre Building with Staff Quarters at Darjeeling,"Darjeeling Sub-Division, West Bengal",4080000,3660000,2480000,1120000,2023-10-13,2024-01-07,2024-02-14,,Ongoing,Howrah Zilla Parishad,Shiva Shakti Constructions,,,MoSPI eSAKSHI Official Portal (https://mplads.mospi.gov.in)
MOSPI-2025-MA-0150,Madhya Pradesh,Gwalior,Gwalior,Vivek Narayan Shejwalkar,18th Lok Sabha,Community Infrastructure,Erection of High-Mast Solar LED Tower Lights in Public Market Squares at Gwalior,"Gwalior Sub-Division, Madhya Pradesh",3170000,2990000,2190000,3100000,2025-01-21,2025-04-16,2025-05-09,2026-04-06,Completed,Bhopal Municipal Corporation,Himalayan Engineering Associates,,,MoSPI eSAKSHI Official Portal (https://mplads.mospi.gov.in)
MOSPI-2024-UT-0151,Uttar Pradesh,Kanpur Nagar,Kanpur,Satyadev Pachauri,18th Lok Sabha,Community Infrastructure,Construction of Modern Anganwadi Centre Building with Child-Friendly Amenities at Kanpur Nagar,"Kanpur Nagar Sub-Division, Uttar Pradesh",3010000,2710000,2140000,2660000,2024-11-03,2024-11-24,2025-01-07,2025-10-20,Completed,DRDA Gorakhpur,Deccan Infrastructure Ltd,,,MoSPI eSAKSHI Official Portal (https://mplads.mospi.gov.in)
MOSPI-2024-AS-0152,Assam,Kamrup Metropolitan,Gauhati,Queen Oja,18th Lok Sabha,Sports Facility,Installation of Open Air Gymnasium Equipment in Municipal Public Park at Kamrup Metropolitan,"Kamrup Metropolitan Sub-Division, Assam",3370000,3210000,2560000,3120000,2024-10-16,2024-11-01,2024-11-28,2025-06-11,Completed,Guwahati Municipal Corporation,Deccan Infrastructure Ltd,,,MoSPI eSAKSHI Official Portal (https://mplads.mospi.gov.in)
MOSPI-2023-UT-0153,Uttar Pradesh,Gorakhpur,Gorakhpur,Ravi Kishan,17th Lok Sabha,Sanitation,Installation of Bio-Toilets at Public Bus Stands and Weekly Market Yards at Gorakhpur,"Gorakhpur Sub-Division, Uttar Pradesh",1880000,1830000,1790000,1900000,2023-09-01,2023-09-25,2023-10-30,2024-07-19,Completed,UP Jal Nigam Lucknow,Vanguard Projects India,,,MoSPI eSAKSHI Official Portal (https://mplads.mospi.gov.in)
MOSPI-2024-UT-0154,Uttar Pradesh,Gorakhpur,Gorakhpur,Ravi Kishan,18th Lok Sabha,Community Infrastructure,Construction of Multipurpose Community Hall for Public Cultural and Civic Events at Gorakhpur,"Gorakhpur Sub-Division, Uttar Pradesh",3230000,3000000,2220000,340000,2024-09-13,2024-10-26,,,Sanctioned,UP Jal Nigam Lucknow,Deccan Infrastructure Ltd,,,MoSPI eSAKSHI Official Portal (https://mplads.mospi.gov.in)
MOSPI-2024-AS-0155,Assam,Kamrup Metropolitan,Gauhati,Queen Oja,18th Lok Sabha,Education,Construction of Additional Classrooms and Girls Common Room in Govt College at Kamrup Metropolitan,"Kamrup Metropolitan Sub-Division, Assam",4590000,4300000,3440000,1470000,2024-05-09,2024-07-11,2024-08-20,,Ongoing,DRDA Dibrugarh,National Rural Infrastructure Corp,,,MoSPI eSAKSHI Official Portal (https://mplads.mospi.gov.in)
MOSPI-2024-KA-0156,Karnataka,Dakshina Kannada,Dakshina Kannada,Nalin Kumar Kateel,18th Lok Sabha,Solar & Renewable Energy,Installation of Integrated Solar Street Lighting Network in Un-electrified Hamlets at Dakshina Kannada,"Dakshina Kannada Sub-Division, Karnataka",1990000,1850000,1600000,1810000,2024-07-09,2024-09-17,2024-09-30,2025-04-04,Completed,DRDA Dharwad,Shiva Shakti Constructions,,,MoSPI eSAKSHI Official Portal (https://mplads.mospi.gov.in)
MOSPI-2024-RA-0157,Rajasthan,Udaipur,Udaipur,Arjun Lal Meena,18th Lok Sabha,Sports Facility,Construction of Synthetic Badminton Court and Indoor Recreational Facility at Udaipur,"Udaipur Sub-Division, Rajasthan",1800000,1750000,1520000,1810000,2024-03-08,2024-04-26,2024-06-04,2025-01-22,Completed,Kota Urban Improvement Trust,Vanguard Projects India,,,MoSPI eSAKSHI Official Portal (https://mplads.mospi.gov.in)
MOSPI-2024-RA-0158,Rajasthan,Jodhpur,Jodhpur,Gajendra Singh Shekhawat,18th Lok Sabha,Solar & Renewable Energy,Installation of 25 kWp Grid-Tied Rooftop Solar PV System on Govt Hospital at Jodhpur,"Jodhpur Sub-Division, Rajasthan",2730000,2450000,0.0,0.0,2024-05-03,,,,Recommended,Public Health Engineering Dept (PHED) Jodhpur,National Rural Infrastructure Corp,,,MoSPI eSAKSHI Official Portal (https://mplads.mospi.gov.in)
MOSPI-2023-KA-0159,Karnataka,Dakshina Kannada,Dakshina Kannada,Nalin Kumar Kateel,17th Lok Sabha,Education,Establishment of Digital Smart Classrooms and STEM Lab in Govt Higher Secondary School at Dakshina Kannada,"Dakshina Kannada Sub-Division, Karnataka",4290000,3820000,2650000,3730000,2023-10-06,2023-10-27,2023-11-26,2024-08-01,Completed,Bruhat Bengaluru Mahanagara Palike (BBMP),Standard Technical Contractors,,,MoSPI eSAKSHI Official Portal (https://mplads.mospi.gov.in)
MOSPI-2024-MA-0160,Maharashtra,Nashik,Nashik,Hemant Godse,18th Lok Sabha,Healthcare,Construction of New Primary Health Sub-Centre Building with Staff Quarters at Nashik,"Nashik Sub-Division, Maharashtra",3660000,3400000,2070000,290000,2024-01-20,2024-03-08,,,Sanctioned,PWD Division Nagpur,Vanguard Projects India,,,MoSPI eSAKSHI Official Portal (https://mplads.mospi.gov.in)
MOSPI-2024-MA-0161,Maharashtra,Thane,Thane,Rajan Vichare,18th Lok Sabha,Sports Facility,Installation of Open Air Gymnasium Equipment in Municipal Public Park at Thane,"Thane Sub-Division, Maharashtra",1860000,1660000,1580000,1230000,2024-04-17,2024-06-15,2024-07-15,,Ongoing,PWD Division Nagpur,Deccan Infrastructure Ltd,,,MoSPI eSAKSHI Official Portal (https://mplads.mospi.gov.in)
MOSPI-2023-KA-0162,Karnataka,Dakshina Kannada,Dakshina Kannada,Nalin Kumar Kateel,17th Lok Sabha,Sports Facility,Development of Public Sports Ground with Running Track and Floodlighting at Dakshina Kannada,"Dakshina Kannada Sub-Division, Karnataka",680000,670000,420000,650000,2023-10-08,2023-12-18,2024-01-26,2024-08-09,Completed,Mysuru Zilla Panchayat,Sunrise Civil Works,,,MoSPI eSAKSHI Official Portal (https://mplads.mospi.gov.in)
MOSPI-2025-AS-0163,Assam,Kamrup Metropolitan,Gauhati,Queen Oja,18th Lok Sabha,Solar & Renewable Energy,Installation of Integrated Solar Street Lighting Network in Un-electrified Hamlets at Kamrup Metropolitan,"Kamrup Metropolitan Sub-Division, Assam",900000,860000,710000,850000,2025-02-18,2025-04-09,2025-04-20,2025-11-03,Completed,PWD (Roads) Jorhat,,,,MoSPI eSAKSHI Official Portal (https://mplads.mospi.gov.in)
MOSPI-2024-AS-0164,Assam,Jorhat,Jorhat,Topon Kumar Gogoi,18th Lok Sabha,Sports Facility,Development of Public Sports Ground with Running Track and Floodlighting at Jorhat,"Jorhat Sub-Division, Assam",1000000,950000,810000,880000,2024-06-30,2024-07-29,2024-09-12,2025-05-19,Completed,DRDA Dibrugarh,Deccan Infrastructure Ltd,,,MoSPI eSAKSHI Official Portal (https://mplads.mospi.gov.in)
MOSPI-2023-UT-0165,Uttar Pradesh,Gorakhpur,Gorakhpur,Ravi Kishan,17th Lok Sabha,Community Infrastructure,Development of Rural Haat and Market Shed with Raised Concrete Platform at Gorakhpur,"Gorakhpur Sub-Division, Uttar Pradesh",5090000,4870000,4090000,3860000,2023-12-15,2024-02-06,2024-02-16,,Ongoing,Prayagraj Zila Panchayat,Pragati Buildcon Services,,,MoSPI eSAKSHI Official Portal (https://mplads.mospi.gov.in)
MOSPI-2024-UT-0166,Uttar Pradesh,Lucknow,Lucknow,Rajnath Singh,18th Lok Sabha,Sports Facility,Development of Public Sports Ground with Running Track and Floodlighting at Lucknow,"Lucknow Sub-Division, Uttar Pradesh",2370000,2080000,1690000,970000,2024-03-22,2024-04-20,2024-05-02,,Ongoing,Prayagraj Zila Panchayat,Deccan Infrastructure Ltd,,,MoSPI eSAKSHI Official Portal (https://mplads.mospi.gov.in)
MOSPI-2024-MA-0167,Madhya Pradesh,Bhopal,Bhopal,Sadhvi Pragya Singh Thakur,18th Lok Sabha,Road & Connectivity,Paver Block Pavement and Footpath Construction in Residential Settlement at Bhopal,"Bhopal Sub-Division, Madhya Pradesh",4010000,3860000,0.0,0.0,2024-11-09,,,,Recommended,PWD Gwalior Division,Shiva Shakti Constructions,,,MoSPI eSAKSHI Official Portal (https://mplads.mospi.gov.in)
MOSPI-2024-UT-0168,Uttar Pradesh,Gorakhpur,Gorakhpur,Ravi Kishan,18th Lok Sabha,Sanitation,Installation of Bio-Toilets at Public Bus Stands and Weekly Market Yards at Gorakhpur,"Gorakhpur Sub-Division, Uttar Pradesh",860000,780000,710000,760000,2024-08-30,2024-11-16,2024-12-15,2025-09-04,Completed,PWD Provincial Division Varanasi,Himalayan Engineering Associates,,,MoSPI eSAKSHI Official Portal (https://mplads.mospi.gov.in)
MOSPI-2024-KA-0169,Karnataka,Belagavi,Belgaum,Mangala Angadi,18th Lok Sabha,Healthcare,Provision of Advanced Life Support Mobile Ambulance Unit for Sub-Divisional Hospital at Belagavi,"Belagavi Sub-Division, Karnataka",6740000,6410000,3910000,3660000,2024-03-01,2024-03-26,2024-05-03,,Ongoing,Mysuru Zilla Panchayat,Apex Engineering & Projects,,,MoSPI eSAKSHI Official Portal (https://mplads.mospi.gov.in)
MOSPI-2023-MA-0170,Maharashtra,Thane,Thane,Rajan Vichare,17th Lok Sabha,Education,Modernization of School Library and Computer Learning Centre at Thane,"Thane Sub-Division, Maharashtra",4210000,4090000,3470000,2120000,2023-07-12,2023-09-20,2023-10-11,,Ongoing,PWD Division Nagpur,Sri Krishna Infra Projects,,,MoSPI eSAKSHI Official Portal (https://mplads.mospi.gov.in)
MOSPI-2024-RA-0171,Rajasthan,Kota,Kota,Om Birla,18th Lok Sabha,Sanitation,Deployment of Battery-Operated Door-to-Door Solid Waste Collection E-Vehicles at Kota,"Kota Sub-Division, Rajasthan",1560000,1480000,910000,390000,2024-12-16,2025-03-03,2025-04-11,,Ongoing,Public Health Engineering Dept (PHED) Jodhpur,Pragati Buildcon Services,,,MoSPI eSAKSHI Official Portal (https://mplads.mospi.gov.in)
MOSPI-2023-AS-0172,Assam,Jorhat,Jorhat,Topon Kumar Gogoi,17th Lok Sabha,Solar & Renewable Energy,Installation of Integrated Solar Street Lighting Network in Un-electrified Hamlets at Jorhat,"Jorhat Sub-Division, Assam",790000,780000,630000,730000,2023-10-22,2023-11-23,2023-12-05,2024-06-17,Completed,DRDA Dibrugarh,Deccan Infrastructure Ltd,,,MoSPI eSAKSHI Official Portal (https://mplads.mospi.gov.in)
MOSPI-2025-AS-0173,Assam,Kamrup Metropolitan,Gauhati,Queen Oja,18th Lok Sabha,Road & Connectivity,Paver Block Pavement and Footpath Construction in Residential Settlement at Kamrup Metropolitan,"Kamrup Metropolitan Sub-Division, Assam",7140000,6970000,6510000,920000,2025-01-22,2025-02-28,,,Sanctioned,Guwahati Municipal Corporation,Apex Engineering & Projects,,,MoSPI eSAKSHI Official Portal (https://mplads.mospi.gov.in)
MOSPI-2023-RA-0174,Rajasthan,Jaipur,Jaipur,Ramcharan Bohra,17th Lok Sabha,Education,Establishment of Digital Smart Classrooms and STEM Lab in Govt Higher Secondary School at Jaipur,"Jaipur Sub-Division, Rajasthan",1730000,1550000,1470000,1510000,2023-04-17,2023-05-06,2023-05-21,2023-11-09,Completed,DRDA Udaipur,Sunrise Civil Works,,,MoSPI eSAKSHI Official Portal (https://mplads.mospi.gov.in)
MOSPI-2023-MA-0175,Madhya Pradesh,Indore,Indore,Shankar Lalwani,17th Lok Sabha,Healthcare,Construction of New Primary Health Sub-Centre Building with Staff Quarters at Indore,"Indore Sub-Division, Madhya Pradesh",5320000,4630000,0.0,0.0,2023-11-26,,,,Recommended,Bhopal Municipal Corporation,Sri Krishna Infra Projects,,,MoSPI eSAKSHI Official Portal (https://mplads.mospi.gov.in)
MOSPI-2024-AS-0176,Assam,Dibrugarh,Dibrugarh,Rameswar Teli,18th Lok Sabha,Drinking Water,Installation of Deep Borewell with Solar RO Purification Plant at Dibrugarh,"Dibrugarh Sub-Division, Assam",1400000,1330000,1020000,1380000,2024-06-09,2024-08-08,2024-08-26,2025-04-01,Completed,DRDA Dibrugarh,Southern Civil Builders Ltd,,,MoSPI eSAKSHI Official Portal (https://mplads.mospi.gov.in)
MOSPI-2024-MA-0177,Maharashtra,Nashik,Nashik,Hemant Godse,18th Lok Sabha,Healthcare,Construction of New Primary Health Sub-Centre Building with Staff Quarters at Nashik,"Nashik Sub-Division, Maharashtra",2570000,2300000,0.0,0.0,2024-08-31,,,,Recommended,Thane Zilla Parishad,Southern Civil Builders Ltd,,,MoSPI eSAKSHI Official Portal (https://mplads.mospi.gov.in)
MOSPI-2024-MA-0178,Madhya Pradesh,Gwalior,Gwalior,Vivek Narayan Shejwalkar,18th Lok Sabha,Road & Connectivity,Bituminous Surface Renewal of Village Approach Road to National Highway at Gwalior,"Gwalior Sub-Division, Madhya Pradesh",5350000,5260000,5190000,5200000,2024-12-15,2025-01-22,2025-02-19,2025-10-21,Completed,Bhopal Municipal Corporation,Southern Civil Builders Ltd,,,MoSPI eSAKSHI Official Portal (https://mplads.mospi.gov.in)
MOSPI-2024-RA-0179,Rajasthan,Kota,Kota,Om Birla,18th Lok Sabha,Solar & Renewable Energy,Installation of Integrated Solar Street Lighting Network in Un-electrified Hamlets at Kota,"Kota Sub-Division, Rajasthan",1070000,940000,770000,970000,2024-03-06,2024-05-17,2024-06-21,2024-11-20,Completed,DRDA Udaipur,,,,MoSPI eSAKSHI Official Portal (https://mplads.mospi.gov.in)
MOSPI-2024-WE-0180,West Bengal,Howrah,Howrah,Prasun Banerjee,18th Lok Sabha,Community Infrastructure,Development of Rural Haat and Market Shed with Raised Concrete Platform at Howrah,"Howrah Sub-Division, West Bengal",1420000,1400000,1210000,1420000,2024-05-25,2024-08-13,2024-09-23,2025-03-03,Completed,Kolkata Municipal Corporation,,,,MoSPI eSAKSHI Official Portal (https://mplads.mospi.gov.in)
